time,lasttime,lat,lng,speed,course,altitude,comment,,,Air P,,,,Air P,Launch_Lat,Launch_lng,LOS_Distance,Elevation
21:57,28/3/2026 22:03,1.35217,103.81983,0,0,0.91,000009TxD,V:12.51,I:0.573,C:X,FPV@1.28GHz,,,1007,1.35217,103.81983,0,#DIV/0!
22:04,28/3/2026 22:04,1.29767,103.76017,2,113,88.09,000011TxD,V:12.50,I:0.577,C:X,FPV@1.28GHz,,,1008,1.35217,103.81983,8.983877373,89.43821323
22:05,28/3/2026 22:05,1.29783,103.76017,2,113,101.19,000012TxC,T:+34.9,E:+00.0,P:1007,FPV@1.28GHz,,,1008,1.35217,103.81983,8.971885686,89.3538132
22:05,28/3/2026 22:05,1.297,103.76183,6,113,15.24,000013TxD,V:12.50,I:0.566,C:X,FPV@1.28GHz,,,1008,1.35217,103.81983,8.899715062,89.90188598
22:06,28/3/2026 22:07,1.29717,103.76167,0,214,13.11,000015TxD,V:12.49,I:0.552,C:X,FPV@1.28GHz,,,1009,1.35217,103.81983,8.899608458,89.91559773
22:07,28/3/2026 22:08,1.29717,103.7615,0,228,14.94,000017TxD,V:12.48,I:0.559,C:X,FPV@1.28GHz,,,1004,1.35217,103.81983,8.913346959,89.90396445
22:09,28/3/2026 22:09,1.29717,103.76167,0,75,0,000019TxD,V:12.48,I:0.586,C:X,FPV@1.28GHz,,,979,1.35217,103.81983,8.899608458,90
22:10,28/3/2026 22:10,1.29717,103.7615,0,76,0,000020TxC,T:+37.8,E:,#NAME?,P:1008,FPV@1.28GHz,,962,1.35217,103.81983,8.913346959,90
22:10,28/3/2026 22:12,1.29717,103.76167,0,100,0.91,000023TxD,V:12.46,I:0.569,C:X,FPV@1.28GHz,,,948,1.35217,103.81983,8.899608458,89.99414141
22:12,28/3/2026 22:12,1.297,103.76167,0,113,0,000024TxC,T:+39.0,E:+00.0,P:1008,FPV@1.28GHz,,,934,1.35217,103.81983,8.912609243,90
22:13,28/3/2026 22:14,1.29717,103.76167,0,143,10.36,000026TxC,T:+39.6,E:+00.0,P:1008,FPV@1.28GHz,,,919,1.35217,103.81983,8.899608458,89.93330223
22:14,28/3/2026 22:14,1.297,103.76167,0,137,6.4,000027TxD,V:12.45,I:0.561,C:X,FPV@1.28GHz,,,890,1.35217,103.81983,8.912609243,89.95885684
22:15,28/3/2026 22:15,1.29717,103.76167,0,178,0,000029TxD,V:12.44,I:0.562,C:X,FPV@1.28GHz,,,875,1.35217,103.81983,8.899608458,90
22:16,28/3/2026 22:17,1.297,103.76167,0,175,0.61,000032TxC,T:+41.2,E:+00.0,P:1008,FPV@1.28GHz,,,860,1.35217,103.81983,8.912609243,89.99607854
22:18,28/3/2026 22:18,1.29717,103.76167,0,247,0,000033TxD,V:12.43,I:0.589,C:X,FPV@1.28GHz,,,845,1.35217,103.81983,8.899608458,90
22:19,28/3/2026 22:19,1.297,103.76167,0,275,2.13,000035TxD,V:12.42,I:0.577,C:X,FPV@1.28GHz,,,832,1.35217,103.81983,8.912609243,89.98630704
22:20,28/3/2026 22:47,1.29717,103.76167,0,171,14.63,000080TxC,T:+47.0,E:+00.0,P:1009,FPV@1.28GHz,,,819,1.35217,103.81983,8.899608458,89.90581198
22:49,28/3/2026 22:50,1.29733,103.7615,0,59,12.5,000085TxD,V:12.26,I:0.552,C:X,FPV@1.28GHz,,,807,1.35217,103.81983,8.901149137,89.91953884
22:51,28/3/2026 22:51,1.29717,103.7615,9,198,55.17,000086TxC,T:+47.4,E:+00.0,P:1004,FPV@1.28GHz,,,794,1.35217,103.81983,8.913346959,89.64536691
22:51,28/3/2026 22:51,1.296,103.76117,17,201,184.4,000087TxD,V:12.25,I:0.558,C:X,FPV@1.28GHz,,,781,1.35217,103.81983,9.029566795,88.83007972
22:52,28/3/2026 22:52,1.295,103.7605,11,222,276.76,000088TxC,T:+47.4,E:+00.0,P:0979,FPV@1.28GHz,,,768,1.35217,103.81983,9.160315642,88.2694529
22:53,28/3/2026 22:53,1.29433,103.75983,13,216,348.39,000089TxD,V:12.24,I:0.573,C:X,FPV@1.28GHz,,,755,1.35217,103.81983,9.265644092,87.84668206
22:53,28/3/2026 22:53,1.29333,103.75883,17,214,428.85,000090TxC,T:+47.4,E:+00.0,P:0962,FPV@1.28GHz,,,744,1.35217,103.81983,9.422851504,87.39416979
22:54,28/3/2026 22:54,1.29183,103.75767,19,218,500.79,000091TxD,V:12.24,I:0.575,C:X,FPV@1.28GHz,,,731,1.35217,103.81983,9.631511848,87.02358896
22:55,28/3/2026 22:55,1.29033,103.75667,19,209,557.78,000092TxC,T:+47.2,E:+00.0,P:0948,FPV@1.28GHz,,,717,1.35217,103.81983,9.827549444,86.75156151
22:55,28/3/2026 22:55,1.289,103.75583,13,202,623.62,000093TxD,V:12.23,I:0.597,C:X,FPV@1.28GHz,,,703,1.35217,103.81983,9.997823285,86.43076683
22:56,28/3/2026 22:56,1.28817,103.75533,7,215,695.86,000094TxC,T:+47.1,E:+00.0,P:0934,FPV@1.28GHz,,,688,1.35217,103.81983,10.10225416,86.05959593
22:56,28/3/2026 22:56,1.288,103.75483,4,235,769.62,000095TxD,V:12.22,I:0.570,C:X,FPV@1.28GHz,,,676,1.35217,103.81983,10.1550535,85.66601559
22:57,28/3/2026 22:57,1.28817,103.75467,0,332,836.68,000096TxC,T:+47.0,E:+00.0,P:0919,FPV@1.28GHz,,,665,1.35217,103.81983,10.15446014,85.28973595
22:58,28/3/2026 22:58,1.2885,103.7545,4,334,904.95,000097TxD,V:12.22,I:0.594,C:X,FPV@1.28GHz,,,654,1.35217,103.81983,10.14230089,84.90126798
22:58,28/3/2026 22:58,1.28883,103.75433,4,318,977.8,000098TxC,T:+46.8,E:,#NAME?,P:0904,FPV@1.28GHz,,644,1.35217,103.81983,10.13029522,84.48675533
22:59,28/3/2026 22:59,1.28917,103.7545,4,13,1046.99,000099TxD,V:12.21,I:0.552,C:X,FPV@1.28GHz,,,634,1.35217,103.81983,10.09043645,84.07615261
23:00,28/3/2026 23:00,1.28983,103.75483,9,32,1118.31,000100TxC,T:+46.7,E:+00.0,P:0890,FPV@1.28GHz,,,624,1.35217,103.81983,10.01311994,83.62735984
23:00,28/3/2026 23:00,1.29067,103.75517,11,27,1190.85,000101TxD,V:12.21,I:0.577,C:X,FPV@1.28GHz,,,614,1.35217,103.81983,9.921268319,83.15553119
23:01,28/3/2026 23:01,1.2915,103.7555,7,7,1261.87,000102TxC,T:+46.5,E:+00.0,P:0875,FPV@1.28GHz,,,604,1.35217,103.81983,9.831162968,82.68584362
23:01,28/3/2026 23:01,1.2925,103.75567,9,355,1333.5,000103TxD,V:12.21,I:0.561,C:X,FPV@1.28GHz,,,595,1.35217,103.81983,9.741349499,82.20518972
23:02,28/3/2026 23:02,1.29367,103.75567,11,3,1413.66,000104TxC,T:+46.2,E:+00.0,P:0860,FPV@1.28GHz,,,586,1.35217,103.81983,9.65320621,81.66856391
23:03,28/3/2026 23:03,1.29517,103.75567,13,357,1492.91,000105TxD,V:12.20,I:0.562,C:X,FPV@1.28GHz,,,575,1.35217,103.81983,9.54160587,81.107418
23:03,28/3/2026 23:03,1.297,103.75567,20,356,1562.4,000106TxC,T:+46.0,E:+00.0,P:0845,FPV@1.28GHz,,,565,1.35217,103.81983,9.407665461,80.57053459
23:04,28/3/2026 23:04,1.29883,103.75567,20,2,1631.59,000107TxD,V:12.20,I:0.577,C:X,FPV@1.28GHz,,,544,1.35217,103.81983,9.276255167,80.02434704
23:04,28/3/2026 23:04,1.3005,103.75583,20,355,1693.16,000108TxC,T:+45.7,E:+00.0,P:0832,FPV@1.28GHz,,,533,1.35217,103.81983,9.144790075,79.51045929
23:05,28/3/2026 23:05,1.30233,103.75583,20,354,1759,000109TxD,V:12.19,I:0.569,C:X,FPV@1.28GHz,,,522,1.35217,103.81983,9.01833205,78.96318827
23:06,28/3/2026 23:06,1.304,103.75567,13,344,1831.54,000110TxC,T:+45.3,E:+00.0,P:0819,FPV@1.28GHz,,,511,1.35217,103.81983,8.919637361,78.39629313
23:06,28/3/2026 23:06,1.30533,103.75517,15,341,1895.55,000111TxD,V:12.19,I:0.555,C:X,FPV@1.28GHz,,,502,1.35217,103.81983,8.876568326,77.94580581
23:07,28/3/2026 23:07,1.307,103.75483,19,344,1959.56,000112TxC,T:+45.0,E:+00.0,P:0807,FPV@1.28GHz,,,492,1.35217,103.81983,8.799906302,77.44621972
23:08,28/3/2026 23:08,1.30883,103.7545,19,348,2026.31,000113TxD,V:12.18,I:0.589,C:X,FPV@1.28GHz,,,481,1.35217,103.81983,8.715911472,76.9121367
23:08,28/3/2026 23:08,1.3105,103.754,20,358,2095.5,000114TxC,T:+44.7,E:+00.0,P:0794,FPV@1.28GHz,,,470,1.35217,103.81983,8.66153396,76.39966002
23:09,28/3/2026 23:09,1.31217,103.75383,19,1,2160.73,000115TxD,V:12.18,I:0.586,C:X,FPV@1.28GHz,,,459,1.35217,103.81983,8.579785988,75.8645975
23:09,28/3/2026 23:09,1.31383,103.75367,20,345,2235.1,000116TxC,T:+44.3,E:+00.0,P:0781,FPV@1.28GHz,,,449,1.35217,103.81983,8.500946493,75.26898912
23:10,28/3/2026 23:10,1.31567,103.75333,17,357,2314.04,000117TxD,V:12.17,I:0.570,C:X,FPV@1.28GHz,,,441,1.35217,103.81983,8.433314812,74.65610321
23:11,28/3/2026 23:11,1.31717,103.75317,15,355,2384.45,000118TxC,T:+43.9,E:+00.0,P:0768,FPV@1.28GHz,,,432,1.35217,103.81983,8.370064471,74.09889568
23:11,28/3/2026 23:11,1.31883,103.75283,17,343,2451.51,000119TxD,V:12.17,I:0.589,C:X,FPV@1.28GHz,,,425,1.35217,103.81983,8.319667295,73.58163001
23:12,28/3/2026 23:12,1.3205,103.7525,17,341,2520.09,000120TxC,T:+43.5,E:+00.0,P:0755,FPV@1.28GHz,,,417,1.35217,103.81983,8.271775629,73.05604973
23:13,28/3/2026 23:13,1.32217,103.75217,19,342,2585.92,000121TxD,V:12.16,I:0.572,C:X,FPV@1.28GHz,,,398,1.35217,103.81983,8.227960656,72.55287807
23:13,28/3/2026 23:13,1.32383,103.75167,17,342,2651.15,000122TxC,T:+43.2,E:+00.0,P:0744,FPV@1.28GHz,,,388,1.35217,103.81983,8.206161506,72.09600396
23:14,28/3/2026 23:14,1.32567,103.751,17,351,2722.47,000123TxD,V:12.16,I:0.558,C:X,FPV@1.28GHz,,,379,1.35217,103.81983,8.199245889,71.63181719
23:14,28/3/2026 23:14,1.32717,103.75067,17,337,2792.58,000124TxC,T:+42.7,E:+00.0,P:0731,FPV@1.28GHz,,,370,1.35217,103.81983,8.175278376,71.14042976
23:15,28/3/2026 23:15,1.329,103.75017,19,344,2871.52,000125TxD,V:12.15,I:0.575,C:X,FPV@1.28GHz,,,362,1.35217,103.81983,8.16106255,70.61526549
23:16,28/3/2026 23:16,1.33067,103.74967,17,352,2954.73,000126TxC,T:+42.3,E:+00.0,P:0717,FPV@1.28GHz,,,347,1.35217,103.81983,8.157478311,70.08904593
23:16,28/3/2026 23:16,1.33233,103.74933,20,341,3028.8,000127TxD,V:12.14,I:0.566,C:X,FPV@1.28GHz,,,339,1.35217,103.81983,8.141677289,69.5942052
23:17,28/3/2026 23:17,1.33417,103.749,24,338,3117.49,000128TxC,T:+41.9,E:+00.0,P:0703,FPV@1.28GHz,,,332,1.35217,103.81983,8.124181889,69.0067079
23:18,28/3/2026 23:18,1.336,103.74833,19,353,3203.75,000129TxD,V:12.14,I:0.580,C:X,FPV@1.28GHz,,,325,1.35217,103.81983,8.149083177,68.53810696
23:18,28/3/2026 23:18,1.33767,103.74783,13,347,3300.07,000130TxC,T:+41.4,E:+00.0,P:0688,FPV@1.28GHz,,,310,1.35217,103.81983,8.164611301,67.99183863
23:19,28/3/2026 23:19,1.339,103.74767,11,2,3382.37,000131TxD,V:12.13,I:0.583,C:X,FPV@1.28GHz,,,303,1.35217,103.81983,8.154192515,67.4712606
23:19,28/3/2026 23:19,1.34017,103.7475,13,346,3453.69,000132TxC,T:+40.9,E:+00.0,P:0676,FPV@1.28GHz,,,296,1.35217,103.81983,8.150475448,67.03563867
23:20,28/3/2026 23:20,1.34117,103.74733,11,336,,A=01,,,,,,,289,1.35217,103.81983,8.151693026,90
23:21,28/3/2026 23:21,1.34217,103.74667,20,310,3588.11,000134TxC,T:+40.4,E:+00.0,P:0665,FPV@1.28GHz,,,281,1.35217,103.81983,8.208435632,66.38867305
23:21,28/3/2026 23:21,1.34333,103.74567,17,305,3656.38,000135TxD,V:12.11,I:0.583,C:X,FPV@1.28GHz,,,274,1.35217,103.81983,8.302329322,66.23110985
23:22,28/3/2026 23:22,1.34433,103.7445,19,303,3720.69,000136TxC,T:+40.0,E:+00.0,P:0654,FPV@1.28GHz,,,267,1.35217,103.81983,8.419249922,66.15809242
23:22,28/3/2026 23:22,1.34533,103.74333,17,306,3781.65,000137TxD,V:12.10,I:0.555,C:X,FPV@1.28GHz,,,259,1.35217,103.81983,8.537998911,66.11049189
23:23,28/3/2026 23:23,1.3465,103.74267,11,329,3847.8,000138TxC,T:+39.6,E:+00.0,P:0644,FPV@1.28GHz,,,250,1.35217,103.81983,8.600561418,65.89676402
23:24,28/3/2026 23:24,1.34733,103.74233,11,331,3914.24,000139TxD,V:12.09,I:0.564,C:X,FPV@1.28GHz,,,242,1.35217,103.81983,8.632009219,65.60777907
23:24,28/3/2026 23:24,1.348,103.7415,13,310,3976.42,000140TxC,T:+39.2,E:+00.0,P:0634,FPV@LIÃƒÂ‚:!ÃƒÂ©,,,234,1.35217,103.81983,8.719817762,65.4860182
23:25,28/3/2026 23:25,1.34883,103.74067,11,314,4040.43,000141TxD,V:12.08,I:0.577,C:X,FPV@1.28GHz,,,227,1.35217,103.81983,8.807579105,65.35696164
23:26,28/3/2026 23:26,1.34983,103.73983,15,320,4106.57,000142TxC,T:+38.8,E:+00.0,P:0624,FPV@1.28GHz,,,213,1.35217,103.81983,8.896926935,65.22328782
23:26,28/3/2026 23:26,1.35083,103.739,17,313,4173.63,000143TxD,V:12.07,I:0.586,C:X,FPV@1.28GHz,,,205,1.35217,103.81983,8.986620938,65.08856888
23:27,28/3/2026 23:27,1.352,103.73767,17,304,4239.16,000144TxC,T:+38.4,E:+00.0,P:0614,FPV@1.28GHz,,,198,1.35217,103.81983,9.133251081,65.10182711
23:27,28/3/2026 23:27,1.35283,103.736,22,293,4305,000145TxD,V:12.06,I:0.584,C:X,FPV@1.28GHz,,,192,1.35217,103.81983,9.319162723,65.20535908
23:28,28/3/2026 23:28,1.3535,103.73417,20,294,4367.17,000146TxC,T:+38.0,E:+00.0,P:0604,FPV@1.28GHz,,,185,1.35217,103.81983,9.523450812,65.36522448
23:29,28/3/2026 23:29,1.35417,103.73267,13,286,4428.44,000147TxD,V:12.05,I:0.562,C:X,FPV@1.28GHz,,,178,1.35217,103.81983,9.691598908,65.44263494
23:29,28/3/2026 23:29,1.35483,103.7315,13,311,4493.36,000148TxC,T:+37.7,E:+00.0,P:0595,FPV@1.28GHz,,,162,1.35217,103.81983,9.823561288,65.42033919
23:30,28/3/2026 23:30,1.3555,103.73067,11,307,4556.76,000149TxD,V:12.05,I:0.598,C:X,FPV@1.28GHz,,,156,1.35217,103.81983,9.918286356,65.32452243
23:31,28/3/2026 23:31,1.35583,103.72983,13,289,4622.6,000150TxC,T:+37.3,E:+00.0,P:0586,FPV@1.28GHz,,,150,1.35217,103.81983,10.01302314,65.21917677
23:31,28/3/2026 23:31,1.35617,103.72883,11,303,4696.05,000151TxD,V:12.04,I:0.562,C:X,FPV@1.28GHz,,,144,1.35217,103.81983,10.12568568,65.11926138
23:32,28/3/2026 23:32,1.35683,103.72767,9,304,4767.68,000152TxC,T:+36.9,E:+00.0,P:0575,FPV@1.28GHz,,,139,1.35217,103.81983,10.25795667,65.07199749
23:32,28/3/2026 23:32,1.3575,103.72683,9,314,4836.87,000153TxD,V:12.03,I:0.566,C:X,FPV@1.28GHz,,,127,1.35217,103.81983,10.35521148,64.96294565
23:33,28/3/2026 23:33,1.35833,103.726,9,321,4908.5,000154TxC,T:+36.5,E:+00.0,P:0565,FPV@1.28GHz,,,120,1.35217,103.81983,10.45296755,64.84620911
23:34,28/3/2026 23:34,1.35917,103.7255,7,330,4985.92,000155TxD,V:12.02,I:0.605,C:X,FPV@1.28GHz,,,115,1.35217,103.81983,10.51493015,64.63084818
23:34,28/3/2026 23:34,1.36,103.72517,7,328,5057.55,000156TxC,T:+36.2,E:,#NAME?,P:0555,FPV@1.28GHz,,111,1.35217,103.81983,10.55872146,64.40592155
23:35,28/3/2026 23:35,1.36067,103.72483,6,307,5135.88,000157TxD,V:12.02,I:0.564,C:X,FPV@1.28GHz,,,108,1.35217,103.81983,10.60276878,64.15489519
23:36,28/3/2026 23:36,1.36133,103.72433,9,341,5220,000158TxC,T:+35.9,E:+00.0,P:0544,FPV@1.28GHz,,,103,1.35217,103.81983,10.66488768,63.92025639
23:36,28/3/2026 23:36,1.362,103.724,6,347,5305.35,000159TxD,V:12.01,I:0.567,C:X,FPV@1.28GHz,,,99,1.35217,103.81983,10.70875082,63.64517612
23:37,28/3/2026 23:37,1.36283,103.724,13,353,5387.64,000160TxC,T:+35.6,E:+00.0,P:0533,FPV@1.28GHz,,,96,1.35217,103.81983,10.71856246,63.31380439
23:37,28/3/2026 23:37,1.364,103.72383,13,347,5468.42,000161TxD,V:12.00,I:0.581,C:X,FPV@1.28GHz,,,93,1.35217,103.81983,10.75248154,63.04334807
23:38,28/3/2026 23:38,1.36533,103.72383,13,339,5542.18,000162TxC,T:+35.2,E:+00.0,P:0522,FPV@1.28GHz,,,90,1.35217,103.81983,10.77157117,62.77331065
23:39,28/3/2026 23:39,1.36683,103.723,17,318,5630.27,000163TxD,V:11.99,I:0.594,C:X,FPV@1.28GHz,,,86,1.35217,103.81983,10.88670831,62.65338794
23:39,28/3/2026 23:39,1.36783,103.72183,19,297,5708.6,000164TxC,T:+34.8,E:+00.0,P:0511,FPV@1.28GHz,,,84,1.35217,103.81983,11.0323219,62.64100198
23:40,28/3/2026 23:40,1.3685,103.7205,15,286,5780.53,000165TxD,V:11.99,I:0.575,C:X,FPV@1.28GHz,,,81,1.35217,103.81983,11.19018644,62.68041829
23:40,28/3/2026 23:40,1.36867,103.71917,13,281,5854.6,000166TxC,T:+34.5,E:+00.0,P:0502,FPV@1.28GHz,,,78,1.35217,103.81983,11.33914279,62.69189297
23:41,28/3/2026 23:41,1.3685,103.71767,15,253,5932.02,000167TxD,V:11.98,I:0.578,C:X,FPV@1.28GHz,,,75,1.35217,103.81983,11.50072328,62.71552516
23:42,28/3/2026 23:42,1.36833,103.716,17,256,6011.27,000168TxC,T:+34.2,E:+00.0,P:0492,FPV@1.28GHz,,,72,1.35217,103.81983,11.68115236,62.76907174
23:42,28/3/2026 23:42,1.36833,103.71417,24,266,6103.92,000169TxD,V:11.98,I:0.592,C:X,FPV@1.28GHz,,,69,1.35217,103.81983,11.88220159,62.81030823
23:43,28/3/2026 23:43,1.36833,103.71183,24,276,6192.93,000170TxC,T:+33.9,E:+00.0,P:0481,FPV@1.28GHz,,,67,1.35217,103.81983,12.13939648,62.97153519
23:44,28/3/2026 23:44,1.36833,103.70933,26,276,6287.41,000171TxD,V:11.97,I:0.566,C:X,FPV@1.28GHz,,,65,1.35217,103.81983,12.41431214,63.13939891
23:44,28/3/2026 23:44,1.36867,103.70717,24,270,6376.42,000172TxC,T:+33.5,E:+00.0,P:0470,FPV@1.28GHz,,,63,1.35217,103.81983,12.65736854,63.26234246
23:45,28/3/2026 23:45,1.36867,103.705,22,272,6467.25,000173TxD,V:11.96,I:0.587,C:X,FPV@1.28GHz,,,61,1.35217,103.81983,12.89609325,63.36673487
23:45,28/3/2026 23:45,1.369,103.70317,20,283,6557.16,000174TxC,T:+33.2,E:+00.0,P:0459,FPV@1.28GHz,,,59,1.35217,103.81983,13.102675,63.41458379
23:46,28/3/2026 23:46,1.3695,103.70133,19,291,6640.68,000175TxD,V:11.96,I:0.553,C:X,FPV@1.28GHz,,,57,1.35217,103.81983,13.31308344,63.48958635
23:47,28/3/2026 23:47,1.37,103.6995,19,299,6721.75,000176TxC,T:+32.7,E:+00.0,P:0449,FPV@1.28GHz,,,55,1.35217,103.81983,13.5224407,63.56889647
23:47,28/3/2026 23:47,1.37083,103.69767,20,300,6801.92,000177TxD,V:11.95,I:0.569,C:X,FPV@1.28GHz,,,53,1.35217,103.81983,13.7373383,63.65809964
23:48,28/3/2026 23:48,1.37167,103.696,17,289,6869.89,000178TxC,T:+32.2,E:+00.0,P:0441,FPV@1.28GHz,,,51,1.35217,103.81983,13.93510533,63.75708948
23:49,28/3/2026 23:49,1.37233,103.69483,11,299,6941.52,000179TxD,V:11.95,I:0.614,C:X,FPV@1.28GHz,,,49,1.35217,103.81983,14.0750969,63.74852542
23:49,28/3/2026 23:49,1.3725,103.69383,13,287,7013.45,000180TxC,T:+31.6,E:+00.0,P:0432,FPV@1.28GHz,,,48,1.35217,103.81983,14.18785165,63.69553112
23:50,28/3/2026 23:50,1.37283,103.69283,6,271,7086.6,000181TxD,V:11.94,I:0.614,C:X,FPV@1.28GHz,,,46,1.35217,103.81983,14.30345266,63.64403153
23:50,28/3/2026 23:50,1.373,103.69167,9,297,7154.27,000182TxC,T:+31.0,E:+00.0,P:0425,FPV@1.28GHz,,,44,1.35217,103.81983,14.43376396,63.63412753
23:51,28/3/2026 23:51,1.37333,103.69067,11,276,7223.15,000183TxD,V:11.94,I:0.567,C:X,FPV@1.28GHz,,,43,1.35217,103.81983,14.54938582,63.59756045
23:52,28/3/2026 23:52,1.3735,103.6895,13,282,7293.25,000184TxC,T:+30.5,E:+00.0,P:0417,FPV@1.28GHz,,,42,1.35217,103.81983,14.68079176,63.58233751
23:52,28/3/2026 23:52,1.374,103.688,11,303,7374.64,000185TxD,V:11.93,I:0.589,C:X,FPV@1.28GHz,,,40,1.35217,103.81983,14.85435341,63.59729251
23:54,28/3/2026 23:54,1.37567,103.68633,13,336,7546.24,000187TxD,V:11.93,I:0.573,C:X,FPV@1.28GHz,,,39,1.35217,103.81983,15.06861619,63.39866514
23:54,28/3/2026 23:54,1.3765,103.68567,9,312,7640.42,000188TxC,T:+29.5,E:+00.0,P:0398,FPV@1.28GHz,,,38,1.35217,103.81983,15.15707604,63.24811685
23:55,28/3/2026 23:55,1.37733,103.685,15,328,7734,000189TxD,V:11.92,I:0.561,C:X,FPV@1.28GHz,,,36,1.35217,103.81983,15.24702709,63.10376079
23:55,28/3/2026 23:55,1.3785,103.68417,13,331,7832.45,000190TxC,T:+29.0,E:+00.0,P:0388,FPV@1.28GHz,,,34,1.35217,103.81983,15.3619949,62.98483395
23:56,28/3/2026 23:56,1.38,103.68333,17,332,7921.75,000191TxD,V:11.92,I:0.572,C:X,FPV@1.28GHz,,,33,1.35217,103.81983,15.48613168,62.9085151
23:57,28/3/2026 23:57,1.38117,103.68267,9,323,8013.5,000192TxC,T:+28.5,E:+00.0,P:0379,FPV@1.28GHz,,,31,1.35217,103.81983,15.58442158,62.78780025
23:57,28/3/2026 23:57,1.38217,103.682,11,340,8106.77,000193TxD,V:11.91,I:0.564,C:X,FPV@1.28GHz,,,30,1.35217,103.81983,15.68057199,62.66128336
23:58,28/3/2026 23:58,1.383,103.68133,11,336,8192.41,000194TxC,T:+28.1,E:+00.0,P:0370,FPV@1.28GHz,,,28,1.35217,103.81983,15.77315299,62.55310928
23:59,28/3/2026 23:59,1.38383,103.68083,11,324,8275.93,000195TxD,V:11.91,I:0.581,C:X,FPV@1.28GHz,,,27,1.35217,103.81983,15.84765406,62.42562671
23:59,28/3/2026 23:59,1.38417,103.67983,9,290,8357.92,000196TxC,T:+27.7,E:+00.0,P:0362,FPV@1.28GHz,,,26,1.35217,103.81983,15.96444173,62.36643618
0:00,29/3/2026 0:00,1.3845,103.67867,13,266,8434.43,000197TxD,V:11.90,I:0.570,C:X,FPV@1.28GHz,,,25,1.35217,103.81983,16.09832641,62.3485138
0:01,29/3/2026 0:01,1.38433,103.67683,11,245,8584.69,000199TxD,V:11.90,I:0.572,C:X,FPV@1.28GHz,,,25,1.35217,103.81983,16.29360689,62.21638635
0:02,29/3/2026 0:02,1.384,103.676,7,275,8660.28,000200TxC,T:+26.9,E:+00.0,P:0347,FPV@1.28GHz,,,24,1.35217,103.81983,16.37566631,62.12785101
0:02,29/3/2026 0:02,1.384,103.67517,9,278,8741.36,000201TxD,V:11.90,I:0.586,C:X,FPV@1.28GHz,,,23,1.35217,103.81983,16.46576306,62.03701881
0:03,29/3/2026 0:03,1.384,103.67433,4,268,8826.7,000202TxC,T:+26.5,E:+00.0,P:0339,FPV@1.28GHz,,,22,1.35217,103.81983,16.55696963,61.9374388
0:03,29/3/2026 0:03,1.38383,103.67367,11,242,8904.12,000203TxD,V:11.89,I:0.584,C:X,FPV@1.28GHz,,,21,1.35217,103.81983,16.62463621,61.82659219
0:04,29/3/2026 0:04,1.3835,103.67283,11,236,8984.59,000204TxC,T:+26.0,E:+00.0,P:0332,FPV@1.28GHz,,,21,1.35217,103.81983,16.70821904,61.73153603
0:05,29/3/2026 0:05,1.383,103.672,9,224,9068.41,000205TxD,V:11.89,I:0.569,C:X,FPV@1.28GHz,,,20,1.35217,103.81983,16.78702743,61.62192973
0:05,29/3/2026 0:05,1.3825,103.6715,9,210,9149.18,000206TxC,T:+25.5,E:+00.0,P:0325,FPV@1.28GHz,,,19,1.35217,103.81983,16.83021422,61.4707729
0:06,29/3/2026 0:06,1.3815,103.67083,13,200,9230.26,000207TxD,V:11.88,I:0.573,C:X,FPV@1.28GHz,,,19,1.35217,103.81983,16.88135883,61.33138173
0:07,29/3/2026 0:07,1.37833,103.67017,17,188,9400.34,000209TxD,V:11.88,I:0.578,C:X,FPV@1.28GHz,,,18,1.35217,103.81983,16.88909503,60.90002514
0:08,29/3/2026 0:08,1.37683,103.67,20,179,9480.5,000210TxC,T:+24.3,E:+00.0,P:0310,FPV@1.28GHz,,,17,1.35217,103.81983,16.87982002,60.679387
0:08,29/3/2026 0:08,1.375,103.67,22,185,9564.01,000211TxD,V:11.88,I:0.584,C:X,FPV@1.28GHz,,,16,1.35217,103.81983,16.84796705,60.41791659
0:09,29/3/2026 0:09,1.37333,103.6695,13,196,9651.49,000212TxC,T:+23.7,E:+00.0,P:0303,FPV@1.28GHz,,,16,1.35217,103.81983,16.87603182,60.23453719
0:10,29/3/2026 0:10,1.37217,103.66883,15,206,9738.06,000213TxD,V:11.87,I:0.583,C:X,FPV@1.28GHz,,,15,1.35217,103.81983,16.93236773,60.0961432
0:10,29/3/2026 0:10,1.37117,103.668,15,209,9824.31,000214TxC,T:+23.2,E:+00.0,P:0296,FPV@1.28GHz,,,15,1.35217,103.81983,17.00967334,59.99047539
0:11,29/3/2026 0:11,1.37033,103.66717,9,217,9910.57,000215TxD,V:11.87,I:0.605,C:X,FPV@1.28GHz,,,14,1.35217,103.81983,17.08994355,59.89027402
0:12,29/3/2026 0:12,1.3695,103.66667,6,202,9995.31,000216TxC,T:+22.7,E:+00.0,P:0289,FPV@1.28GHz,,,14,1.35217,103.81983,17.13451541,59.74312371
0:12,29/3/2026 0:12,1.36867,103.6665,,,,18Ã‚ÂªÃƒÂ©ÃƒÂ³zÃ‚Â§033073,000217TxD,V:11.86,I:0.583,C:X,FPV@1.28GHz,,13,1.35217,103.81983,17.14317358,90
0:13,29/3/2026 0:13,1.36767,103.66683,6,139,10175.44,000218TxC,T:+22.1,E:+00.0,P:0281,FPV@1.28GHz,,,13,1.35217,103.81983,17.09513593,59.23786488
0:13,29/3/2026 0:13,1.36683,103.66717,11,175,10257.74,000219TxD,V:11.86,I:0.578,C:X,FPV@1.28GHz,,,13,1.35217,103.81983,17.04835184,58.96530247
0:14,29/3/2026 0:14,1.366,103.6675,7,172,10350.4,000220TxC,T:+21.6,E:+00.0,P:0274,FPV@1.28GHz,,,12,1.35217,103.81983,17.00324373,58.66983323
0:15,29/3/2026 0:15,1.365,103.668,7,144,10449.46,000221TxD,V:11.85,I:0.606,C:X,FPV@1.28GHz,,,12,1.35217,103.81983,16.93816626,58.3288163
0:15,29/3/2026 0:15,1.36417,103.66833,6,149,10547.6,000222TxC,T:+21.0,E:+00.0,P:0267,FPV@1.28GHz,,,11,1.35217,103.81983,16.89407591,58.02193337
0:16,29/3/2026 0:16,1.36333,103.66917,9,122,10651.24,000223TxD,V:11.85,I:0.591,C:X,FPV@1.28GHz,,,11,1.35217,103.81983,16.79383461,57.61569397
0:17,29/3/2026 0:17,1.36267,103.66983,11,122,10757.61,000224TxC,T:+20.4,E:+00.0,P:0259,FPV@1.28GHz,,,11,1.35217,103.81983,16.71538392,57.23566381
0:17,29/3/2026 0:17,1.36183,103.67067,11,121,10867.95,000225TxD,V:11.84,I:0.575,C:X,FPV@1.28GHz,,,10,1.35217,103.81983,16.61593916,56.81259496
0:18,29/3/2026 0:18,1.361,103.67167,17,137,10984.38,000226TxC,T:+19.7,E:+00.0,P:0250,FPV@1.28GHz,,,10,1.35217,103.81983,16.49926303,56.34631914
0:18,29/3/2026 0:18,1.36033,103.67317,19,128,11103.86,000227TxD,V:11.84,I:0.561,C:X,FPV@1.28GHz,,,10,1.35217,103.81983,16.3285089,55.78316067
0:19,29/3/2026 0:19,1.35933,103.67467,19,102,11216.03,000228TxC,T:+19.0,E:+00.0,P:0242,FPV@1.28GHz,,,9,1.35217,103.81983,16.15616573,55.2306141
0:20,29/3/2026 0:20,1.35817,103.67783,17,115,11425.12,000230TxC,T:+18.3,E:+00.0,P:0234,FPV@1.28GHz,,,9,1.35217,103.81983,15.79935599,54.12786593
0:21,29/3/2026 0:21,1.35783,103.67917,13,95,11532.41,000231TxD,V:11.83,I:0.602,C:X,FPV@1.28GHz,,,9,1.35217,103.81983,15.64896563,53.61186773
0:21,29/3/2026 0:21,1.35733,103.68017,6,88,11640.92,000232TxC,T:+17.5,E:+00.0,P:0227,FPV@1.28GHz,,,9,1.35217,103.81983,15.53574132,53.1558054
0:22,29/3/2026 0:22,1.35717,103.681,11,116,11751.26,000233TxD,V:11.82,I:0.566,C:X,FPV@1.28GHz,,,8,1.35217,103.81983,15.44288841,52.73069334
0:23,29/3/2026 0:23,1.35717,103.68283,11,60,11964.92,000235TxD,V:11.82,I:0.619,C:X,FPV@1.28GHz,,,8,1.35217,103.81983,15.2395922,51.86380608
0:24,29/3/2026 0:24,1.3575,103.68367,11,80,12074.96,000236TxC,T:+16.2,E:+00.0,P:0213,FPV@1.28GHz,,,8,1.35217,103.81983,15.14766741,51.43990626
0:25,29/3/2026 0:25,1.35767,103.6845,6,93,12189.56,000237TxD,V:11.81,I:0.562,C:X,FPV@1.28GHz,,,8,1.35217,103.81983,15.05622796,51.00628189
0:25,29/3/2026 0:25,1.358,103.68517,6,79,12296.85,000238TxC,T:+15.4,E:+00.0,P:0205,FPV@1.28GHz,,,8,1.35217,103.81983,14.9833517,50.62424357
0:26,29/3/2026 0:26,1.35867,103.68617,17,38,12411.15,000239TxD,V:11.80,I:0.587,C:X,FPV@1.28GHz,,,8,1.35217,103.81983,14.87572429,50.16100094
0:26,29/3/2026 0:26,1.35967,103.68733,22,55,12530.63,000240TxC,T:+14.6,E:+00.0,P:0198,FPV@1.28GHz,,,8,1.35217,103.81983,14.75279271,49.6563119
0:27,29/3/2026 0:27,1.36083,103.689,19,48,12634.26,000241TxD,V:11.79,I:0.608,C:X,FPV@1.28GHz,,,8,1.35217,103.81983,14.57539945,49.08057265
0:28,29/3/2026 0:28,1.36233,103.69067,28,40,12739.73,000242TxC,T:+13.8,E:+00.0,P:0192,FPV@1.28GHz,,,8,1.35217,103.81983,14.40228511,48.50521219
0:28,29/3/2026 0:28,1.36433,103.69267,39,46,12858.6,000243TxD,V:11.79,I:0.597,C:X,FPV@1.28GHz,,,12,1.35217,103.81983,14.2000954,47.83824267
0:29,29/3/2026 0:29,1.36683,103.695,39,40,12970.76,000244TxC,T:+12.9,E:+00.0,P:0185,FPV@1.28GHz,,,27,1.35217,103.81983,13.97197461,47.12817995
0:30,29/3/2026 0:30,1.36917,103.6975,37,47,13080.49,000245TxD,V:11.78,I:0.597,C:X,FPV@1.28GHz,,,54,1.35217,103.81983,13.7293951,46.38651343
0:30,29/3/2026 0:30,1.37167,103.7,33,56,13209.42,000246TxC,T:+12.0,E:+00.0,P:0178,FPV@1.28GHz,,,98,1.35217,103.81983,13.49604443,45.61492058
0:31,29/3/2026 0:31,1.374,103.70267,33,58,13342.01,000247TxD,V:11.78,I:0.567,C:X,FPV@1.28GHz,,,164,1.35217,103.81983,13.24818695,44.79783368
0:31,29/3/2026 0:31,1.3765,103.7055,43,55,13490.14,000248TxC,T:+11.2,E:,#NAME?,P:0170,FPV@1.28GHz,,238,1.35217,103.81983,12.99406201,43.92691304
0:32,29/3/2026 0:32,1.37883,103.70817,35,54,13625.47,000249TxD,V:11.77,I:0.572,C:X,FPV@1.28GHz,,,324,1.35217,103.81983,12.76158875,43.12487336
0:33,29/3/2026 0:33,1.38133,103.71083,35,45,13755.93,000250TxC,T:+10.2,E:+00.0,P:0162,FPV@1.28GHz,,,419,1.35217,103.81983,12.5431357,42.3596477
0:33,29/3/2026 0:33,1.3835,103.71367,26,48,13887.91,000251TxD,V:11.76,I:0.600,C:X,FPV@1.28GHz,,,528,1.35217,103.81983,12.30455764,41.54064116
0:34,29/3/2026 0:34,1.385,103.71583,26,23,14008.91,000252TxC,T:+09.3,E:+00.0,P:0156,FPV@1.28GHz,,,,1.35217,103.81983,12.12363269,40.87366527
0:35,29/3/2026 0:35,1.38617,103.71683,15,65,14140.28,000253TxD,V:11.72,I:1.570,C:X,FPV@1.28GHz,,,,1.35217,103.81983,12.05782867,40.45519388
0:35,29/3/2026 0:35,1.38667,103.7175,4,354,14254.89,000254TxC,T:+08.5,E:+00.0,P:0150,FPV@1.28GHz,,,,1.35217,103.81983,12.00477746,40.10245861
0:36,29/3/2026 0:36,1.38717,103.71767,7,7,14361.26,000255TxD,V:11.71,I:1.131,C:X,FPV@1.28GHz,,,,1.35217,103.81983,12.00477971,39.89272617
0:36,29/3/2026 0:36,1.38733,103.71783,6,71,14469.47,000256TxC,T:+08.0,E:+00.0,P:0144,FPV@1.28GHz,,,,1.35217,103.81983,11.99374284,39.65533359
0:37,29/3/2026 0:37,1.3875,103.71783,6,286,14570.66,000257TxD,V:11.72,I:0.597,C:X,FPV@1.28GHz,,,,1.35217,103.81983,11.99991764,39.47374992
0:38,29/3/2026 0:38,1.38817,103.7175,9,307,14694.1,000258TxC,T:+07.2,E:+00.0,P:0139,FPV@1.28GHz,,,,1.35217,103.81983,12.05910969,39.37493819
0:38,29/3/2026 0:38,1.38883,103.71683,17,322,14802.92,000259TxD,V:11.72,I:0.612,C:X,FPV@1.28GHz,,,,1.35217,103.81983,12.15380712,39.38740535
0:39,29/3/2026 0:39,1.39017,103.71617,19,316,14913.25,000260TxC,T:+06.4,E:,#NAME?,P:0134,FPV@1.28GHz,,,1.35217,103.81983,12.27344312,39.45401019
0:39,29/3/2026 0:39,1.3915,103.71517,28,298,15055.9,000261TxD,V:11.72,I:0.558,C:X,FPV@1.28GHz,,,,1.35217,103.81983,12.42912888,39.54076717
0:40,29/3/2026 0:40,1.392,103.71283,24,281,15222.93,000262TxC,T:+05.6,E:+00.0,P:0127,FPV@1.28GHz,,,,1.35217,103.81983,12.69223917,39.81992661
0:41,29/3/2026 0:41,1.393,103.70883,50,282,15389.35,000263TxD,V:11.68,I:1.177,C:X,FPV@1.28GHz,,,,1.35217,103.81983,13.14783914,40.50880905
0:41,29/3/2026 0:41,1.394,103.70417,61,283,15519.81,000264TxC,T:+04.8,E:+00.0,P:0120,FPV@1.28GHz,,,,1.35217,103.81983,13.67259195,41.37930179
0:42,29/3/2026 0:42,1.39533,103.69883,67,276,15638.98,000265TxD,V:11.67,I:1.108,C:X,FPV@1.28GHz,,,,1.35217,103.81983,14.28124275,42.40178128
0:43,29/3/2026 0:43,1.39667,103.69167,80,279,15755.42,000266TxC,T:+04.2,E:+00.0,P:0115,FPV@1.28GHz,,,,1.35217,103.81983,15.08148605,43.74801237
0:43,29/3/2026 0:43,1.398,103.68433,85,280,15851.12,000267TxD,V:11.66,I:1.084,C:X,FPV@1.28GHz,,,,1.35217,103.81983,15.90128843,45.09052659
0:44,29/3/2026 0:44,1.39933,103.67683,78,284,15940.43,000268TxC,T:+03.4,E:+00.0,P:0111,FPV@1.28GHz,,,,1.35217,103.81983,16.73890951,46.39967348
0:44,29/3/2026 0:44,1.40117,103.66983,78,283,16037.97,000269TxD,V:11.67,I:0.595,C:X,FPV@1.28GHz,,,,1.35217,103.81983,17.54203899,47.56459863
0:45,29/3/2026 0:45,1.40283,103.66333,67,283,16127.88,000270TxC,T:+02.9,E:+00.0,P:0108,FPV@1.28GHz,,,,1.35217,103.81983,18.2862516,48.58875302
0:46,29/3/2026 0:46,1.404,103.65733,59,279,16236.09,000271TxD,V:11.67,I:0.586,C:X,FPV@1.28GHz,,,,1.35217,103.81983,18.96104154,49.42699159
0:46,29/3/2026 0:46,1.40433,103.65183,56,263,16349.17,000272TxC,T:+02.4,E:+00.0,P:0103,FPV@1.28GHz,,,,1.35217,103.81983,19.55524423,50.10267654
0:47,29/3/2026 0:47,1.40383,103.64683,48,262,16457.07,000273TxD,V:11.64,I:1.155,C:X,FPV@1.28GHz,,,,1.35217,103.81983,20.07074431,50.64985251
0:48,29/3/2026 0:48,1.40383,103.64183,50,274,16558.87,000274TxC,T:+01.9,E:+00.0,P:0099,FPV@1.28GHz,,,,1.35217,103.81983,20.6039218,51.21200805
0:48,29/3/2026 0:48,1.40433,103.63683,50,273,16653.66,000275TxD,V:11.63,I:1.095,C:X,FPV@1.28GHz,,,,1.35217,103.81983,21.15343972,51.78738242
0:49,29/3/2026 0:49,1.405,103.63317,26,278,16747.85,000276TxC,T:+01.3,E:+00.0,P:0096,FPV@1.28GHz,,,,1.35217,103.81983,21.56516455,52.16651784
0:49,29/3/2026 0:49,1.40533,103.631,15,265,16840.2,000277TxD,V:11.62,I:1.247,C:X,FPV@1.28GHz,,,,1.35217,103.81983,21.80728083,52.32366338
0:50,29/3/2026 0:50,1.4055,103.62983,9,291,16932.55,000278TxC,T:+00.7,E:+00.0,P:0093,FPV@1.28GHz,,,,1.35217,103.81983,21.93760184,52.33722513
0:51,29/3/2026 0:51,1.40583,103.62933,4,311,17025.82,000279TxD,V:11.63,I:0.591,C:X,FPV@1.28GHz,,,,1.35217,103.81983,22.00104095,52.26499168
0:51,29/3/2026 0:51,1.406,103.6285,9,282,17120.31,000280TxC,T:+00.4,E:+00.0,P:0090,FPV@1.28GHz,,,,1.35217,103.81983,22.09497503,52.22965533
0:52,29/3/2026 0:52,1.406,103.6275,15,270,17226.38,000281TxD,V:11.63,I:0.598,C:X,FPV@1.28GHz,,,,1.35217,103.81983,22.20200138,52.19235969
0:53,29/3/2026 0:53,1.406,103.62617,20,268,17326.66,000282TxC,T:+00.2,E:+00.0,P:0086,FPV@1.28GHz,,,,1.35217,103.81983,22.34440901,52.20871062
0:53,29/3/2026 0:53,1.406,103.62433,19,276,17411.4,000283TxD,V:11.59,I:1.130,C:X,FPV@1.28GHz,,,,1.35217,103.81983,22.54153954,52.31700096
0:54,29/3/2026 0:54,1.40617,103.6225,22,276,17503.75,000284TxC,T:-00.1,E:+00.0,P:0084,FPV@1.28GHz,,,,1.35217,103.81983,22.74271126,52.41660148
0:54,29/3/2026 0:54,1.407,103.62067,22,289,17604.94,000285TxD,V:11.59,I:1.109,C:X,FPV@1.28GHz,,,,1.35217,103.81983,22.9633111,52.52423715
0:55,29/3/2026 0:55,1.4075,103.61867,26,277,17694.86,000286TxC,T:-00.2,E:+00.0,P:0081,FPV@1.28GHz,,,,1.35217,103.81983,23.19241688,52.65785819
0:56,29/3/2026 0:56,1.40783,103.61683,11,327,17792.7,000287TxD,V:11.60,I:0.597,C:X,FPV@1.28GHz,,,,1.35217,103.81983,23.39936828,52.75092021
0:56,29/3/2026 0:56,1.40867,103.616,9,330,17907.91,000288TxC,T:-00.4,E:+00.0,P:0078,FPV@1.28GHz,,,,1.35217,103.81983,23.5131404,52.70663531
0:57,29/3/2026 0:57,1.40967,103.6155,13,358,18002.71,000289TxD,V:11.59,I:0.597,C:X,FPV@1.28GHz,,,,1.35217,103.81983,23.59658722,52.65864912
0:58,29/3/2026 0:58,1.41083,103.61533,13,343,18112.13,000290TxC,T:-00.8,E:+00.0,P:0075,FPV@1.28GHz,,,,1.35217,103.81983,23.65002209,52.5536675
0:58,29/3/2026 0:58,1.41217,103.6145,19,324,18208.75,000291TxD,V:11.56,I:1.228,C:X,FPV@1.28GHz,,,,1.35217,103.81983,23.78008862,52.55820883
0:59,29/3/2026 0:59,1.4125,103.6135,7,211,18305.98,000292TxC,T:-01.1,E:+00.0,P:0072,FPV@1.28GHz,,,,1.35217,103.81983,23.89708026,52.54665144
0:59,29/3/2026 0:59,1.412,103.61267,15,258,18399.25,000293TxD,V:11.56,I:1.055,C:X,FPV@1.28GHz,,,,1.35217,103.81983,23.97016125,52.49052547
1:00,29/3/2026 1:00,1.41217,103.6115,9,305,18491.91,000294TxC,T:-01.4,E:+00.0,P:0069,FPV@1.28GHz,,,,1.35217,103.81983,24.10036409,52.50142124
1:01,29/3/2026 1:01,1.41283,103.60917,13,268,18688.81,000296TxC,T:-01.6,E:+00.0,P:0067,FPV@1.28GHz,,,,1.35217,103.81983,24.36956359,52.51570983
1:02,29/3/2026 1:02,1.413,103.608,6,276,18775.07,000297TxD,V:11.57,I:0.581,C:X,FPV@1.28GHz,,,,1.35217,103.81983,24.49978038,52.53574534
1:02,29/3/2026 1:02,1.41317,103.60683,13,281,18854.62,000298TxC,T:-01.4,E:+00.0,P:0065,FPV@1.28GHz,,,,1.35217,103.81983,24.63001001,52.56543447
1:03,29/3/2026 1:03,1.41367,103.6055,26,307,18949.72,000299TxD,V:11.56,I:0.620,C:X,FPV@1.28GHz,,,,1.35217,103.81983,24.78745121,52.60250544
1:04,29/3/2026 1:04,1.41467,103.60317,24,284,19042.08,000300TxC,T:-01.4,E:+00.0,P:0063,FPV@1.28GHz,,,,1.35217,103.81983,25.06710508,52.77809172
1:04,29/3/2026 1:04,1.41533,103.60117,19,275,19140.83,000301TxD,V:11.53,I:1.394,C:X,FPV@1.28GHz,,,,1.35217,103.81983,25.3010597,52.89166165
1:05,29/3/2026 1:05,1.41567,103.59933,20,259,19237.45,000302TxC,T:-01.4,E:+00.0,P:0061,FPV@1.28GHz,,,,1.35217,103.81983,25.50806159,52.9774468
1:06,29/3/2026 1:06,1.4155,103.5975,24,268,19342.91,000303TxD,V:11.53,I:1.098,C:X,FPV@1.28GHz,,,,1.35217,103.81983,25.69841617,53.03163317
1:06,29/3/2026 1:06,1.415,103.59567,22,253,19441.67,000304TxC,T:-01.2,E:+00.0,P:0059,FPV@1.28GHz,,,,1.35217,103.81983,25.8790549,53.08425076
1:07,29/3/2026 1:07,1.41467,103.59367,20,261,19539.2,000305TxD,V:11.54,I:0.611,C:X,FPV@1.28GHz,,,,1.35217,103.81983,26.08339504,53.16293779
1:07,29/3/2026 1:07,1.41467,103.59133,24,278,19633.69,000306TxC,T:-00.7,E:+00.0,P:0057,FPV@1.28GHz,,,,1.35217,103.81983,26.3342035,53.29331553
1:08,29/3/2026 1:08,1.4155,103.58867,31,285,19740.07,000307TxD,V:11.54,I:0.564,C:X,FPV@1.28GHz,,,,1.35217,103.81983,26.64376723,53.46566564
1:09,29/3/2026 1:09,1.4165,103.58617,31,301,19846.75,000308TxC,T:-00.6,E:+00.0,P:0055,FPV@1.28GHz,,,,1.35217,103.81983,26.94119598,53.62206844
1:09,29/3/2026 1:09,1.41783,103.58383,20,292,19948.25,000309TxD,V:11.53,I:0.595,C:X,FPV@1.28GHz,,,,1.35217,103.81983,27.23133815,53.77545065
1:10,29/3/2026 1:10,1.41933,103.58183,30,306,20040.9,000310TxC,T:-00.5,E:+00.0,P:0053,FPV@1.28GHz,,,,1.35217,103.81983,27.49041998,53.90742866
1:11,29/3/2026 1:11,1.42133,103.57983,22,318,20141.79,000311TxD,V:11.49,I:1.837,C:X,FPV@1.28GHz,,,,1.35217,103.81983,27.76521129,54.04164412
1:11,29/3/2026 1:11,1.422,103.57867,13,266,20232.32,000312TxC,T:-00.2,E:+00.0,P:0051,FPV@1.28GHz,,,,1.35217,103.81983,27.90976893,54.06093265
1:12,29/3/2026 1:12,1.42217,103.57717,9,301,20323.45,000313TxD,V:11.50,I:1.064,C:X,FPV@1.28GHz,,,,1.35217,103.81983,28.07520179,54.09947342
1:12,29/3/2026 1:12,1.42217,103.57633,9,256,20422.82,000314TxC,T:+00.2,E:+00.0,P:0049,FPV@1.28GHz,,,,1.35217,103.81983,28.16492968,54.05356012
1:13,29/3/2026 1:13,1.42217,103.57533,11,261,20528.58,000315TxD,V:11.51,I:0.622,C:X,FPV@1.28GHz,,,,1.35217,103.81983,28.27177942,54.01601339
1:14,29/3/2026 1:14,1.42167,103.574,17,244,20630.39,000316TxC,T:+01.0,E:+00.0,P:0048,FPV@1.28GHz,,,,1.35217,103.81983,28.39876374,54.00332727
1:14,29/3/2026 1:14,1.42117,103.5725,15,237,20736.46,000317TxD,V:11.51,I:0.595,C:X,FPV@1.28GHz,,,,1.35217,103.81983,28.54425916,54.00283549
1:15,29/3/2026 1:15,1.42017,103.57117,20,227,20839.79,000318TxC,T:+01.6,E:+00.0,P:0046,FPV@1.28GHz,,,,1.35217,103.81983,28.65715779,53.97495345
1:16,29/3/2026 1:16,1.41883,103.56983,20,235,20947.99,000319TxD,V:11.50,I:0.598,C:X,FPV@1.28GHz,,,,1.35217,103.81983,28.76211248,53.93344144
1:16,29/3/2026 1:16,1.41733,103.5675,30,224,21052.54,000320TxC,T:+02.2,E:+00.0,P:0044,FPV@1.28GHz,,,,1.35217,103.81983,28.97029352,53.99431815
1:17,29/3/2026 1:17,1.41533,103.56517,39,227,21141.84,000321TxD,V:11.47,I:1.736,C:X,FPV@1.28GHz,,,,1.35217,103.81983,29.16680778,54.06316209
1:17,29/3/2026 1:17,1.41333,103.56183,37,246,21228.1,000322TxC,T:+02.5,E:+00.0,P:0043,FPV@1.28GHz,,,,1.35217,103.81983,29.47520962,54.23849744
1:18,29/3/2026 1:18,1.412,103.558,48,250,21317.71,000323TxD,V:11.47,I:1.098,C:X,FPV@1.28GHz,,,,1.35217,103.81983,29.8563429,54.47280603
1:19,29/3/2026 1:19,1.4115,103.55367,43,268,21414.33,000324TxC,T:+02.7,E:+00.0,P:0042,FPV@1.28GHz,,,,1.35217,103.81983,30.31361959,54.76162137
1:19,29/3/2026 1:19,1.4115,103.55017,33,266,21513.7,000325TxD,V:11.47,I:1.042,C:X,FPV@1.28GHz,,,,1.35217,103.81983,30.69347985,54.97258516
1:20,29/3/2026 1:20,1.4115,103.54683,35,261,21619.77,000326TxC,T:+03.1,E:+00.0,P:0040,FPV@1.28GHz,,,,1.35217,103.81983,31.05618767,55.15628772
1:20,29/3/2026 1:20,1.41067,103.54383,28,245,21717.91,000327TxD,V:11.48,I:0.598,C:X,FPV@1.28GHz,,,,1.35217,103.81983,31.3628775,55.29848857
1:21,29/3/2026 1:21,1.40967,103.54083,31,252,21803.26,000328TxC,T:+03.6,E:+00.0,P:0039,FPV@1.28GHz,,,,1.35217,103.81983,31.6665572,55.45156337
1:22,29/3/2026 1:22,1.40833,103.5375,41,247,21893.78,000329TxD,V:11.48,I:0.591,C:X,FPV@1.28GHz,,,,1.35217,103.81983,31.99979014,55.6206471
1:22,29/3/2026 1:22,1.40783,103.53367,46,274,21996.5,000330TxC,T:+03.9,E:+00.0,P:0038,FPV@1.28GHz,,,,1.35217,103.81983,32.40680321,55.83283769
1:23,29/3/2026 1:23,1.40883,103.529,54,281,22104.1,000331TxD,V:11.48,I:0.597,C:X,FPV@1.28GHz,,,,1.35217,103.81983,32.93760858,56.13483287
1:24,29/3/2026 1:24,1.41033,103.524,63,291,22207.12,000332TxC,T:+04.3,E:+00.0,P:0036,FPV@1.28GHz,,,,1.35217,103.81983,33.51510195,56.47152906
1:24,29/3/2026 1:24,1.41233,103.51867,54,292,22317.15,000333TxD,V:11.45,I:1.303,C:X,FPV@1.28GHz,,,,1.35217,103.81983,34.1395202,56.82718362
1:25,29/3/2026 1:25,1.41433,103.51333,61,288,22427.79,000334TxC,T:+04.8,E:,#NAME?,P:0035,FPV@1.28GHz,,,1.35217,103.81983,34.76533214,57.17315322
1:25,29/3/2026 1:25,1.416,103.50783,57,286,22537.83,000335TxD,V:11.45,I:1.050,C:X,FPV@1.28GHz,,,,1.35217,103.81983,35.40147936,57.51773198
1:26,29/3/2026 1:26,1.4175,103.50217,69,284,22637.19,000336TxC,T:+04.9,E:+00.0,P:0034,FPV@1.28GHz,,,,1.35217,103.81983,36.05133232,57.87465172
1:27,29/3/2026 1:27,1.419,103.49567,72,278,22740.82,000337TxD,V:11.46,I:0.600,C:X,FPV@1.28GHz,,,,1.35217,103.81983,36.79266922,58.28061012
1:27,29/3/2026 1:27,1.42,103.48867,80,273,22835.62,000338TxC,T:+05.0,E:+00.0,P:0033,FPV@1.28GHz,,,,1.35217,103.81983,37.57725116,58.71303404
1:28,29/3/2026 1:28,1.421,103.48167,72,279,22939.25,000339TxD,V:11.46,I:0.594,C:X,FPV@1.28GHz,,,,1.35217,103.81983,38.36189222,59.1218542
1:29,29/3/2026 1:29,1.4225,103.47417,80,282,23057.51,000340TxC,T:+05.0,E:+00.0,P:0031,FPV@1.28GHz,,,,1.35217,103.81983,39.21211351,59.54361705
1:29,29/3/2026 1:29,1.42483,103.4665,93,290,23180.04,000341TxD,V:11.46,I:0.589,C:X,FPV@1.28GHz,,,,1.35217,103.81983,40.09933954,59.96927983
1:30,29/3/2026 1:30,1.428,103.4585,98,290,23292.82,000342TxC,T:+04.9,E:+00.0,P:0030,FPV@1.28GHz,,,,1.35217,103.81983,41.04173008,60.42335969
1:30,29/3/2026 1:30,1.43133,103.45067,93,290,23397.06,000343TxD,V:11.45,I:0.578,C:X,FPV@1.28GHz,,,,1.35217,103.81983,41.97000852,60.86160364
1:32,29/3/2026 1:32,1.43767,103.43383,98,295,23607.98,000345TxD,V:11.43,I:1.111,C:X,FPV@1.28GHz,,,,1.35217,103.81983,43.94914253,61.75682492
1:32,29/3/2026 1:32,1.4415,103.425,106,288,23715.57,000346TxC,T:+05.0,E:+00.0,P:0028,FPV@1.28GHz,,,,1.35217,103.81983,45.00001256,62.21020805
1:33,29/3/2026 1:33,1.44417,103.41633,98,288,23814.02,000347TxD,V:11.42,I:1.045,C:X,FPV@1.28GHz,,,,1.35217,103.81983,46.00558646,62.63241477
1:34,29/3/2026 1:34,1.4465,103.4075,94,284,23914,000348TxC,T:+05.3,E:+00.0,P:0027,FPV@1.28GHz,,,,1.35217,103.81983,47.0201717,63.04255608
1:34,29/3/2026 1:34,1.449,103.3985,100,287,24004.22,000349TxD,V:11.44,I:0.586,C:X,FPV@1.28GHz,,,,1.35217,103.81983,48.05742845,63.4583159
1:35,29/3/2026 1:35,1.45183,103.38933,100,286,24096.88,000350TxC,T:+05.6,E:+00.0,P:0026,FPV@1.28GHz,,,,1.35217,103.81983,49.12140472,63.86938763
1:35,29/3/2026 1:35,1.455,103.3805,93,292,24192.28,000351TxD,V:11.44,I:0.580,C:X,FPV@1.28GHz,,,,1.35217,103.81983,50.15729404,64.25067343
1:36,29/3/2026 1:36,1.458,103.37333,76,296,24286.46,000352TxC,T:+05.6,E:+00.0,P:0025,FPV@1.28GHz,,,,1.35217,103.81983,51.00955125,64.54013666
1:37,29/3/2026 1:37,1.4615,103.3675,72,302,24383.39,000353TxD,V:11.43,I:0.592,C:X,FPV@1.28GHz,,,,1.35217,103.81983,51.73039511,64.76291096
1:37,29/3/2026 1:37,1.46517,103.36217,59,304,24474.83,000354TxC,T:+05.6,E:+00.0,P:0025,FPV@1.28GHz,,,,1.35217,103.81983,52.40278732,64.96497645
1:38,29/3/2026 1:38,1.46817,103.3585,44,315,24571.76,000355TxD,V:11.40,I:1.314,C:X,FPV@1.28GHz,,,,1.35217,103.81983,52.87928501,65.07681512
1:39,29/3/2026 1:39,1.47067,103.35583,31,320,24686.67,000356TxC,T:+05.5,E:+00.0,P:0024,FPV@1.28GHz,,,,1.35217,103.81983,53.23526654,65.12153691
1:39,29/3/2026 1:39,1.47267,103.35367,30,320,24798.53,000357TxD,V:11.40,I:1.022,C:X,FPV@1.28GHz,,,,1.35217,103.81983,53.52315409,65.14060655
1:40,29/3/2026 1:40,1.47467,103.35183,30,323,24909.48,000358TxC,T:+05.6,E:+00.0,P:0023,FPV@1.28GHz,,,,1.35217,103.81983,53.7770792,65.14648316
1:40,29/3/2026 1:40,1.4765,103.35,28,311,25017.68,000359TxD,V:11.42,I:0.591,C:X,FPV@1.28GHz,,,,1.35217,103.81983,54.02558728,65.15251599
1:41,29/3/2026 1:41,1.47783,103.3475,35,280,25122.84,000360TxC,T:+05.8,E:+00.0,P:0022,FPV@1.28GHz,,,,1.35217,103.81983,54.33211383,65.184465
1:42,29/3/2026 1:42,1.47817,103.3435,46,272,25215.8,000361TxD,V:11.42,I:0.603,C:X,FPV@1.28GHz,,,,1.35217,103.81983,54.7715766,65.27954927
1:42,29/3/2026 1:42,1.4785,103.34017,26,281,25303.58,000362TxC,T:+05.8,E:+00.0,P:0021,FPV@1.28GHz,,,,1.35217,103.81983,55.13884165,65.34929599
1:43,29/3/2026 1:43,1.47833,103.338,31,255,25391.97,000363TxD,V:11.41,I:0.616,C:X,FPV@1.28GHz,,,,1.35217,103.81983,55.36734523,65.36337786
1:43,29/3/2026 1:43,1.47733,103.33517,28,244,25483.11,000364TxC,T:+05.9,E:+00.0,P:0021,FPV@1.28GHz,,,,1.35217,103.81983,55.64381906,65.39371756
1:44,29/3/2026 1:44,1.47633,103.3335,7,218,25581.56,000365TxD,V:11.41,I:0.591,C:X,FPV@1.28GHz,,,,1.35217,103.81983,55.79597089,65.36930161
1:45,29/3/2026 1:45,1.4755,103.33317,9,199,25675.13,000366TxC,T:+05.9,E:+00.0,P:0020,FPV@1.28GHz,,,,1.35217,103.81983,55.80877341,65.29494794
1:45,29/3/2026 1:45,1.47467,103.3335,11,145,25769.93,000367TxD,V:11.39,I:1.075,C:X,FPV@1.28GHz,,,,1.35217,103.81983,55.75060405,65.19192585
1:46,29/3/2026 1:46,1.47367,103.33383,7,154,25864.72,000368TxC,T:+06.0,E:+00.0,P:0019,FPV@1.28GHz,,,,1.35217,103.81983,55.68796393,65.08711129
1:47,29/3/2026 1:47,1.47283,103.33433,7,159,25967.74,000369TxD,V:11.39,I:0.994,C:X,FPV@1.28GHz,,,,1.35217,103.81983,55.61144671,64.96979847
1:47,29/3/2026 1:47,1.4725,103.335,13,99,26064.97,000370TxC,T:+06.2,E:+00.0,P:0019,FPV@1.28GHz,,,,1.35217,103.81983,55.53032251,64.85545401
1:48,29/3/2026 1:48,1.47233,103.33667,28,94,26159.76,000371TxD,V:11.40,I:0.608,C:X,FPV@1.28GHz,,,,1.35217,103.81983,55.34560635,64.70168243
1:49,29/3/2026 1:49,1.4715,103.34617,69,99,26332.89,000373TxD,V:11.40,I:0.587,C:X,FPV@1.28GHz,,,,1.35217,103.81983,54.29879117,64.12834356
1:50,29/3/2026 1:50,1.47017,103.35267,81,104,26419.15,000374TxC,T:+06.5,E:+00.0,P:0018,FPV@1.28GHz,,,,1.35217,103.81983,53.56203495,63.74545917
1:50,29/3/2026 1:50,1.4685,103.36,81,103,26522.78,000375TxD,V:11.39,I:0.605,C:X,FPV@1.28GHz,,,,1.35217,103.81983,52.72658205,63.29646862
1:51,29/3/2026 1:51,1.46667,103.368,85,101,26640.13,000376TxC,T:+06.6,E:+00.0,P:0017,FPV@1.28GHz,,,,1.35217,103.81983,51.81457147,62.79032848
1:52,29/3/2026 1:52,1.46467,103.37533,80,108,26746.2,000377TxD,V:11.37,I:1.270,C:X,FPV@1.28GHz,,,,1.35217,103.81983,50.97011836,62.31208309
1:52,29/3/2026 1:52,1.46217,103.382,72,111,26840.69,000378TxC,T:+06.7,E:+00.0,P:0016,FPV@1.28GHz,,,,1.35217,103.81983,50.18322584,61.85973091
1:53,29/3/2026 1:53,1.4595,103.38783,67,117,26930.3,000379TxD,V:11.37,I:1.022,C:X,FPV@1.28GHz,,,,1.35217,103.81983,49.48253466,61.44326618
1:53,29/3/2026 1:53,1.457,103.393,50,112,27031.8,000380TxC,T:+06.9,E:+00.0,P:0016,FPV@1.28GHz,,,,1.35217,103.81983,48.85795017,61.04541524
1:54,29/3/2026 1:54,1.45533,103.39717,50,112,27125.98,000381TxD,V:11.38,I:0.614,C:X,FPV@1.28GHz,,,,1.35217,103.81983,48.36355603,60.71295916
1:55,29/3/2026 1:55,1.45367,103.40217,61,108,27232.66,000382TxC,T:+07.1,E:+00.0,P:0015,FPV@1.28GHz,,,,1.35217,103.81983,47.77986817,60.31854773
1:55,29/3/2026 1:55,1.45183,103.40833,72,102,27333.55,000383TxD,V:11.38,I:0.589,C:X,FPV@1.28GHz,,,,1.35217,103.81983,47.06619389,59.85425175
1:56,29/3/2026 1:56,1.45033,103.41483,67,104,27426.51,000384TxC,T:+07.3,E:+00.0,P:0015,FPV@1.28GHz,,,,1.35217,103.81983,46.32470038,59.37237242
1:57,29/3/2026 1:57,1.449,103.4205,67,102,27515.21,000385TxD,V:11.38,I:0.609,C:X,FPV@1.28GHz,,,,1.35217,103.81983,45.67732627,58.93598706
1:57,29/3/2026 1:57,1.44767,103.42667,63,99,27599.64,000386TxC,T:+07.3,E:+00.0,P:0014,FPV@1.28GHz,,,,1.35217,103.81983,44.97594098,58.46449817
1:58,29/3/2026 1:58,1.44683,103.43233,59,93,27684.07,000387TxD,V:11.38,I:0.589,C:X,FPV@1.28GHz,,,,1.35217,103.81983,44.34254619,58.02252003
1:58,29/3/2026 1:58,1.447,103.4375,54,85,27769.72,000388TxC,T:+07.3,E:+00.0,P:0014,FPV@1.28GHz,,,,1.35217,103.81983,43.78902499,57.6183238
1:59,29/3/2026 1:59,1.44733,103.44233,48,83,27865.12,000389TxD,V:11.35,I:1.105,C:X,FPV@1.28GHz,,,,1.35217,103.81983,43.27706065,57.22343146
2:00,29/3/2026 2:00,1.44817,103.447,57,80,27962.66,000390TxC,T:+07.4,E:+00.0,P:0013,FPV@1.28GHz,,,,1.35217,103.81983,42.79707414,56.84028883
2:00,29/3/2026 2:00,1.44883,103.45283,61,83,28061.41,000391TxD,V:11.35,I:0.981,C:X,FPV@1.28GHz,,,,1.35217,103.81983,42.18842576,56.37034361
2:01,29/3/2026 2:01,1.44933,103.459,67,87,28158.34,000392TxC,T:+07.6,E:+00.0,P:0013,FPV@1.28GHz,,,,1.35217,103.81983,41.53997804,55.86817727
2:01,29/3/2026 2:01,1.44983,103.4655,70,87,28252.83,000393TxD,V:11.36,I:0.619,C:X,FPV@1.28GHz,,,,1.35217,103.81983,40.85746212,55.33624145
2:02,29/3/2026 2:02,1.4505,103.47217,78,82,28341.22,000394TxC,T:+07.8,E:+00.0,P:0013,FPV@1.28GHz,,,,1.35217,103.81983,40.16337775,54.79135777
2:03,29/3/2026 2:03,1.45233,103.47917,74,73,28426.87,000395TxD,V:11.36,I:0.584,C:X,FPV@1.28GHz,,,,1.35217,103.81983,39.47212147,54.23947641
2:03,29/3/2026 2:03,1.454,103.48567,67,75,28512.82,000396TxC,T:+07.9,E:+00.0,P:0012,FPV@1.28GHz,,,,1.35217,103.81983,38.83319054,53.7124548
2:04,29/3/2026 2:04,1.4555,103.49183,70,77,28606.7,000397TxD,V:11.36,I:0.578,C:X,FPV@1.28GHz,,,,1.35217,103.81983,38.22849995,53.19218986
2:05,29/3/2026 2:05,1.45667,103.498,69,80,28702.1,000398TxC,T:+08.0,E:+00.0,P:0012,FPV@1.28GHz,,,,1.35217,103.81983,37.61488728,52.65449979
2:05,29/3/2026 2:05,1.45767,103.50467,70,80,28810.31,000399TxD,V:11.36,I:0.580,C:X,FPV@1.28GHz,,,,1.35217,103.81983,36.9455647,52.05274138
2:06,29/3/2026 2:06,1.45883,103.51117,72,76,28912.41,000400TxC,T:+08.1,E:+00.0,P:0011,FPV@1.28GHz,,,,1.35217,103.81983,36.30305848,51.46555222
2:06,29/3/2026 2:06,1.4605,103.51733,65,71,29004.16,000401TxD,V:11.33,I:1.186,C:X,FPV@1.28GHz,,,,1.35217,103.81983,35.7187621,50.9228938
2:07,29/3/2026 2:07,1.46267,103.52333,63,70,29092.86,000402TxC,T:+08.2,E:+00.0,P:0011,FPV@1.28GHz,,,,1.35217,103.81983,35.17512924,50.40632275
2:08,29/3/2026 2:08,1.46433,103.52867,59,70,29173.63,000403TxD,V:11.34,I:0.973,C:X,FPV@1.28GHz,,,,1.35217,103.81983,34.68547134,49.93311826
2:08,29/3/2026 2:08,1.466,103.53367,57,73,29252.27,000404TxC,T:+08.4,E:+00.0,P:0011,FPV@1.28GHz,,,,1.35217,103.81983,34.23562859,49.48811806
2:09,29/3/2026 2:09,1.467,103.539,59,83,29333.95,000405TxD,V:11.35,I:0.602,C:X,FPV@1.28GHz,,,,1.35217,103.81983,33.72776336,48.98563177
2:10,29/3/2026 2:10,1.4675,103.54467,63,92,29416.55,000406TxC,T:+08.5,E:+00.0,P:0010,FPV@1.28GHz,,,,1.35217,103.81983,33.16670414,48.42921414
2:10,29/3/2026 2:10,1.46717,103.551,69,95,29502.51,000407TxD,V:11.35,I:0.580,C:X,FPV@1.28GHz,,,,1.35217,103.81983,32.50446753,47.77170913
2:11,29/3/2026 2:11,1.46667,103.55733,67,91,29585.41,000408TxC,T:+08.7,E:+00.0,P:0010,FPV@1.28GHz,,,,1.35217,103.81983,31.83648612,47.09891699
2:11,29/3/2026 2:11,1.4665,103.564,65,88,29651.55,000409TxD,V:11.34,I:0.577,C:X,FPV@1.28GHz,,,,1.35217,103.81983,31.15060424,46.41231978
2:12,29/3/2026 2:12,1.46683,103.57017,67,86,29700.02,000410TxC,T:+08.8,E:,#NAME?,P:0010,FPV@1.28GHz,,,1.35217,103.81983,30.54103768,45.79984707
2:13,29/3/2026 2:13,1.46733,103.57633,67,88,29745.74,000411TxD,V:11.34,I:0.595,C:X,FPV@1.28GHz,,,,1.35217,103.81983,29.94390136,45.19021337
2:13,29/3/2026 2:13,1.46733,103.58217,63,92,29798.47,000412TxC,T:+08.8,E:+00.0,P:0010,FPV@1.28GHz,,,,1.35217,103.81983,29.35838671,44.57376961
2:14,29/3/2026 2:14,1.46667,103.58817,67,98,29864,000413TxD,V:11.32,I:1.339,C:X,FPV@1.28GHz,,,,1.35217,103.81983,28.72707966,43.88835359
2:15,29/3/2026 2:15,1.4655,103.5945,67,103,29945.69,000414TxC,T:+08.8,E:+00.0,P:0009,FPV@1.28GHz,,,,1.35217,103.81983,28.03933682,43.11698519
2:15,29/3/2026 2:15,1.46417,103.59933,65,103,30016.4,000415TxD,V:11.32,I:1.023,C:X,FPV@1.28GHz,,,,1.35217,103.81983,27.4934649,42.48806735
2:16,29/3/2026 2:16,1.46317,103.60683,63,94,30127.04,000416TxC,T:+09.2,E:+00.0,P:0009,FPV@1.28GHz,,,,1.35217,103.81983,26.70128154,41.55023672
2:17,29/3/2026 2:17,1.463,103.61433,63,88,30220.92,000417TxD,V:11.33,I:0.589,C:X,FPV@1.28GHz,,,,1.35217,103.81983,25.95586931,40.65832264
2:18,29/3/2026 2:18,1.46383,103.622,63,82,30302.61,000418TxC,T:+09.8,E:+00.0,P:0009,FPV@1.28GHz,,,,1.35217,103.81983,25.25398661,39.80759257
2:18,29/3/2026 2:18,1.46483,103.62917,61,82,30372.41,000419TxD,V:11.33,I:0.581,C:X,FPV@1.28GHz,,,,1.35217,103.81983,24.61945475,39.0277455
2:19,29/3/2026 2:19,1.4655,103.6365,67,84,30439.46,000420TxC,T:+10.2,E:+00.0,P:0009,FPV@1.28GHz,,,,1.35217,103.81983,23.96070069,38.20837754
2:20,29/3/2026 2:20,1.46617,103.64467,70,84,30508.35,000421TxD,V:11.33,I:0.602,C:X,FPV@1.28GHz,,,,1.35217,103.81983,23.23374297,37.29121495
2:21,29/3/2026 2:21,1.46683,103.6525,63,85,30581.19,000422TxC,T:+10.6,E:+00.0,P:0008,FPV@1.28GHz,,,,1.35217,103.81983,22.55072971,36.40525772
2:22,29/3/2026 2:22,1.46717,103.66,63,88,30650.99,000423TxD,V:11.32,I:0.600,C:X,FPV@1.28GHz,,,,1.35217,103.81983,21.89020051,35.53351397
2:22,29/3/2026 2:22,1.46733,103.66717,59,90,30707.08,000424TxC,T:+10.8,E:+00.0,P:0008,FPV@1.28GHz,,,,1.35217,103.81983,21.25911704,34.6956194
2:23,29/3/2026 2:23,1.46717,103.6745,63,91,30747.92,000425TxD,V:11.30,I:1.005,C:X,FPV@1.28GHz,,,,1.35217,103.81983,20.60349858,33.82516165
2:24,29/3/2026 2:24,1.46683,103.682,65,91,30774.74,000426TxC,T:+11.1,E:+00.0,P:0008,FPV@1.28GHz,,,,1.35217,103.81983,19.93229892,32.93047423
2:25,29/3/2026 2:25,1.46667,103.6895,63,91,30805.83,000427TxD,V:11.31,I:0.572,C:X,FPV@1.28GHz,,,,1.35217,103.81983,19.28707237,32.05007073
2:25,29/3/2026 2:25,1.4665,103.697,63,92,30845.46,000428TxC,T:+11.4,E:+00.0,P:0008,FPV@1.28GHz,,,,1.35217,103.81983,18.65605213,31.16652516
2:26,29/3/2026 2:26,1.46617,103.7045,63,93,30877.46,000429TxD,V:11.31,I:0.605,C:X,FPV@1.28GHz,,,,1.35217,103.81983,18.02900166,30.28017522
2:27,29/3/2026 2:27,1.46567,103.71183,63,93,30887.82,000430TxC,T:+11.7,E:,#NAME?,P:0008,FPV@1.28GHz,,,1.35217,103.81983,17.41867535,29.420106
2:28,29/3/2026 2:28,1.46517,103.71933,63,94,30884.47,000431TxD,V:11.31,I:0.586,C:X,FPV@1.28GHz,,,,1.35217,103.81983,16.81329898,28.56357703
,,,,,,,,,,,,,,,1.35217,103.81983,11543.80198,90
2:29,29/3/2026 2:29,1.46383,103.73433,65,96,30906.11,000433TxD,V:11.31,I:0.608,C:X,FPV@1.28GHz,,,,1.35217,103.81983,15.63615355,26.83595928
2:30,29/3/2026 2:30,1.46283,103.74183,65,97,30932.63,000434TxC,T:+12.0,E:+00.0,P:0008,FPV@1.28GHz,,,,1.35217,103.81983,15.05283756,25.94908171
2:31,29/3/2026 2:31,1.46183,103.7495,65,98,30960.06,000435TxD,V:11.27,I:1.637,C:X,FPV@1.28GHz,,,,1.35217,103.81983,14.48466651,25.07254712
2:32,29/3/2026 2:32,1.46067,103.757,63,99,30973.47,000436TxC,T:+12.1,E:+00.0,P:0008,FPV@1.28GHz,,,,1.35217,103.81983,13.9404382,24.23140135
2:33,29/3/2026 2:33,1.45933,103.76433,63,99,30974.69,000437TxD,V:11.29,I:1.003,C:X,FPV@1.28GHz,,,,1.35217,103.81983,13.41808161,23.42202078
2:33,29/3/2026 2:33,1.45817,103.7715,63,99,30979.87,000438TxC,T:+12.2,E:+00.0,P:0008,FPV@1.28GHz,,,,1.35217,103.81983,12.95331822,22.69080374
2:34,29/3/2026 2:34,1.45683,103.77883,61,100,31002.73,000439TxD,V:11.30,I:0.616,C:X,FPV@1.28GHz,,,,1.35217,103.81983,12.49828266,21.95608408
2:35,29/3/2026 2:35,1.45533,103.786,61,101,31042.97,000440TxC,T:+12.4,E:+00.0,P:0008,FPV@1.28GHz,,,,1.35217,103.81983,12.0715741,21.24939605
2:36,29/3/2026 2:36,1.454,103.79283,59,101,31080.76,000441TxD,V:11.30,I:0.587,C:X,FPV@1.28GHz,,,,1.35217,103.81983,11.71401036,20.65089661
2:36,29/3/2026 2:36,1.45267,103.79983,59,100,31092.95,000442TxC,T:+12.5,E:+00.0,P:0008,FPV@1.28GHz,,,,1.35217,103.81983,11.39409498,20.12549535
2:37,29/3/2026 2:37,1.45133,103.80683,59,100,31084.42,000443TxD,V:11.29,I:0.612,C:X,FPV@1.28GHz,,,,1.35217,103.81983,11.12038465,19.68456085
2:38,29/3/2026 2:38,1.451,103.81467,65,77,28588.11,000444TxC,T:+12.6,E:+00.0,P:0012,FPV@1.28GHz,,,,1.35217,103.81983,11.00435386,21.05309503
2:38,29/3/2026 2:38,1.45083,103.82083,50,101,25989.69,000445TxD,V:11.29,I:0.622,C:X,FPV@1.28GHz,,,,1.35217,103.81983,10.97105464,22.88611716
2:39,29/3/2026 2:39,1.45117,103.81917,87,284,23859.74,000446TxC,T:+12.3,E:+00.0,P:0027,FPV@1.28GHz,,,,1.35217,103.81983,11.00854222,24.76792336
2:40,29/3/2026 2:40,1.45317,103.8115,52,272,21804.78,000447TxD,V:11.27,I:1.150,C:X,FPV@1.28GHz,,,,1.35217,103.81983,11.26879654,27.33009962
2:40,29/3/2026 2:40,1.453,103.80967,15,258,19935.75,000448TxC,T:+11.7,E:+00.0,P:0054,FPV@1.28GHz,,,,1.35217,103.81983,11.26852515,29.47696183
2:41,29/3/2026 2:41,1.45317,103.80733,20,320,18150.84,000449TxD,V:11.27,I:1.095,C:X,FPV@1.28GHz,,,,1.35217,103.81983,11.31632049,31.94188399
2:42,29/3/2026 2:42,1.454,103.8065,26,283,16609.16,000450TxC,T:+10.8,E:+00.0,P:0098,FPV@1.28GHz,,,,1.35217,103.81983,11.41952474,34.51022648
2:42,29/3/2026 2:42,1.45483,103.80183,31,279,15127.53,000451TxD,V:11.26,I:1.114,C:X,FPV@1.28GHz,,,,1.35217,103.81983,11.58930751,37.45598035
2:43,29/3/2026 2:43,1.455,103.80217,24,61,13733.07,000452TxC,T:+09.6,E:+00.0,P:0164,FPV@1.28GHz,,,,1.35217,103.81983,11.60147209,40.19057484
2:43,29/3/2026 2:43,1.45683,103.8045,31,68,12416.03,000453TxD,V:11.26,I:1.156,C:X,FPV@1.28GHz,,,,1.35217,103.81983,11.76176564,43.44992318
2:44,29/3/2026 2:44,1.4575,103.80683,15,103,11313.87,000454TxC,T:+08.8,E:+00.0,P:0238,FPV@1.28GHz,,,,1.35217,103.81983,11.80097632,46.20723303
2:45,29/3/2026 2:45,1.45683,103.8075,7,239,10238.54,000455TxD,V:11.25,I:1.172,C:X,FPV@1.28GHz,,,,1.35217,103.81983,11.71809528,48.85506748
2:45,29/3/2026 2:45,1.45583,103.807,9,236,9213.8,000456TxC,T:+08.6,E:+00.0,P:0324,FPV@1.28GHz,,,,1.35217,103.81983,11.61436498,51.57465596
2:46,29/3/2026 2:46,1.45633,103.80617,7,330,8246.67,000457TxD,V:11.27,I:0.622,C:X,FPV@1.28GHz,,,,1.35217,103.81983,11.68117872,54.77870105
2:47,29/3/2026 2:47,1.45717,103.80533,13,259,7279.54,000458TxC,T:+09.5,E:+00.0,P:0419,FPV@1.28GHz,,,,1.35217,103.81983,11.78620254,58.29918027
2:47,29/3/2026 2:47,1.45717,103.8035,17,281,6367.58,000459TxD,V:11.27,I:0.634,C:X,FPV@1.28GHz,,,,1.35217,103.81983,11.81574085,61.67948217
2:48,29/3/2026 2:48,1.45767,103.80217,15,358,5474.51,000460TxC,T:+11.1,E:+00.0,P:0528,FPV@1.28GHz,,,,1.35217,103.81983,11.89418717,65.28491238
2:48,29/3/2026 2:48,1.4585,103.8015,22,302,4673.19,000461TxD,V:11.27,I:0.581,C:X,FPV@1.28GHz,,,,1.35217,103.81983,11.99764692,68.71864469
2:49,29/3/2026 2:49,1.45983,103.8,19,316,3877.67,000462TxC,T:+12.9,E:,#NAME?,P:0643,FPV@1.28GHz,,,1.35217,103.81983,12.17250188,72.33021112
2:50,29/3/2026 2:50,1.4615,103.79917,17,351,3100.12,000463TxD,V:11.27,I:0.611,C:X,FPV@1.28GHz,,,,1.35217,103.81983,12.37196703,75.93269102
2:50,29/3/2026 2:50,1.463,103.79833,13,294,2341.17,000464TxC,T:+15.4,E:,#NAME?,P:0774,FPV@1.28GHz,,,1.35217,103.81983,12.5533408,79.43582838
2:52,29/3/2026 2:52,1.464,103.79767,0,258,935.13,000466TxC,T:+18.4,E:,#NAME?,P:0911,FPV@1.28GHz,,,1.35217,103.81983,12.67657171,85.78102571
2:52,29/3/2026 2:52,1.46333,103.79733,11,219,292.61,000467TxD,V:11.27,I:0.606,C:X,FPV@1.28GHz,,,,1.35217,103.81983,12.61094106,88.67081209
